{"cameraMode":{"drawMode":0,"name":"Shaded","section":"Shading Mode"},"sceneLighting":true,"audioPlay":false,"sceneViewState":{"m_AlwaysRefresh":false,"showFog":true,"showSkybox":true,"showFlares":true,"showImageEffects":true,"showParticleSystems":true,"showVisualEffectGraphs":true,"m_FxEnabled":true},"in2DMode":false,"pivot":{"x":209.05215454101563,"y":140.33331298828126,"z":-160.38658142089845},"rotation":{"x":0.006832222454249859,"y":0.9839494824409485,"z":-0.17482122778892518,"w":0.041732147336006168},"size":24.96404266357422,"orthographic":false}